Max Linear Velocity,Max Angular Velocity,Max Linear Acceleration,Max Angular Acceleration,Max Total Acceleration
0.8270741349090708,1.2536113782954357,1.7154973003071095,2.1245543647223366,3.6456341976967312
