Max Linear Velocity,Max Angular Velocity,Max Linear Acceleration,Max Angular Acceleration,Max Total Acceleration
0.8270741349090708,1.2536113782954357,0.8146064060333795,1.3393419606494008,2.3169230850406355
